Restaurant Name,Zip Code,Inspection Date,Inspection month,Inspection day,Score
Circle K Store #2704682,78744,04/09/2019,4,9,84
Harmony School of Excellence-Austin,78744,04/11/2019,4,11,94
"Honey Baked Ham Company LLC, The",78758,06/08/2017,6,8,96
Wingstop,78727,04/09/2019,4,9,80
COTA - 34 Chophouse Main Grand Stand,78617,04/13/2019,4,13,96
Ranch 616,78701,10/28/2016,10,28,79
River Oak Elementary,78758,04/09/2019,4,9,93
Austin Oaks Hospital,78745,05/04/2018,5,4,100
Stepping Stone School XVII,78751,04/11/2019,4,11,100
"Mediterranean Chef, The",78757,04/05/2019,4,5,89
Whitney's Magical Treats,78750,11/02/2017,11,2,100
Noble Sandwiches,78756,04/11/2019,4,11,86
Workhorse,78751,04/09/2019,4,9,92
Papadom,78701,10/13/2017,10,13,75
Taco Bell #030157,78753,09/15/2017,9,15,97
Taco Flats,78756,04/10/2019,4,10,84
Popeye's #323 - Z & H Foods Inc.,78748,04/09/2019,4,9,100
St. Paul Lutheran,78705,04/11/2019,4,11,94
Tokyo Gardens,78753,10/17/2018,10,17,97
WL - Hat Creek Burger Company,78746,09/10/2018,9,10,92
Michi Ramen,78704,04/12/2019,4,12,86
Southern Heights Brewing,78721,04/12/2019,4,12,97
Barnes and Nobles Booksellers,78613,04/14/2017,4,14,95
La Cabana Grill,78738,06/18/2018,6,18,85
Taco Bell #030157,78753,02/23/2018,2,23,98
Super 8 Motel,78751,04/05/2019,4,5,97
COTA- Bev Bar 1 Main Grand Stand West,78617,04/13/2019,4,13,100
Tomgro Grocery,78741,02/15/2017,2,15,81
Joe's Bakery,78702,04/19/2018,4,19,96
Santa Rita #1,78705,04/10/2019,4,10,75
"Cheesecake Factory, The",78746,04/09/2019,4,9,85
Thundercloud Subs,78705,11/19/2018,11,19,90
"Cornerstone Hospital of Austin, LLC",78756,04/11/2019,4,11,92
St David's Medical Center Cafe,78705,04/08/2019,4,8,90
Donut 7,78758,04/11/2019,4,11,78
Clayton Elementary,78739,04/12/2019,4,12,100
Hat Creek Burger Company,78758,04/10/2019,4,10,87
Trinity Hall,78701,12/19/2018,12,19,95
Plush,78701,02/02/2017,2,2,87
COTA - Austin Smoque Main Grand Stand,78617,04/13/2019,4,13,100
Sushi Niichi,78705,07/09/2018,7,9,92
"Brewer's Table, The",78702,04/11/2019,4,11,88
Wal-Mart Supercenter Deli/Bakery #5317,78748,04/09/2019,4,9,96
"Cavalier, The",78702,04/11/2019,4,11,92
CVS Pharmacy #6945,78741,05/19/2017,5,19,97
COTA - Rojos Main Grand Stand,78617,04/13/2019,4,13,86
Dev's Shell,78756,04/11/2019,4,11,82
COTA - Kitchen Main Grand Stand,78617,04/13/2019,4,13,94
Mobile Loaves and Fishes - Community First Village,78724,04/12/2019,4,12,90
Buca di Beppo,78759,11/02/2017,11,2,92
Pepe's Fruit Cup #3,78741,11/27/2018,11,27,92
Paul Martin's American Grill,78758,11/06/2017,11,6,80
Circle K Store #2704690,78753,05/24/2017,5,24,89
COTA - Fairlanes Main Grand Stand,78617,04/13/2019,4,13,95
Austin Travis County Integral Care,78741,04/11/2019,4,11,95
LW - Live Oak Country Club,78734,04/09/2019,4,9,84
Happy Hearts Bilingual Learning Center,78745,08/01/2018,8,1,100
Westview Middle School,78727,04/09/2019,4,9,94
Manor Food Mart #1,78723,04/08/2019,4,8,85
Colleen's Kitchen,78723,04/10/2019,4,10,96
Deep Eddy Food Plaza,78703,11/01/2018,11,1,98
Omni Austin,78701,08/14/2018,8,14,82
Bailey Middle School,78739,04/11/2019,4,11,100
"Parmer Children's Montessori Academy,LLC",78727,01/25/2017,1,25,97
BC - Subway,78738,04/11/2019,4,11,86
Omni Barton Creek Resort & Spa-Halfway House,78735,04/10/2019,4,10,94
Forest North Elementary,78729,10/25/2017,10,25,99
Wal-Mart Supercenter/Meat & Produce # 5317,78748,04/09/2019,4,9,100
COTA- Commissary Grand Plaza,78617,04/13/2019,4,13,97
Antone's Nightclub LLC,78701,05/10/2018,5,10,96
Kiker Elementary,78739,04/11/2019,4,11,97
Eddie V's #8502,78759,10/25/2016,10,25,98
Joe Lee Johnson Elem.,78728,04/11/2019,4,11,95
NW Pony Colt League (AISD),78731,04/19/2017,4,19,99
Howdy Donut,78746,04/11/2019,4,11,93
Panda Express #1319,78752,03/29/2019,3,29,91
Mendez Middle School,78744,04/12/2019,4,12,100
Serrano's Cafe Lakeline,78613,03/21/2018,3,21,87
D Lites Ice Cream Shop,78749,09/22/2016,9,22,97
Murchison Middle School,78731,04/11/2019,4,11,99
The Barr Mansion,78754,07/17/2018,7,17,93
Lucy's Fried Chicken,78704,10/09/2017,10,9,92
COTA - 34 Chophouse Grand Plaza,78617,04/13/2019,4,13,90
Walnut Creek School,78753,04/12/2019,4,12,94
Kwick In,78702,04/12/2019,4,12,94
"Omelettry, The",78751,04/11/2019,4,11,87
Bodega on Rio,78705,03/21/2017,3,21,98
Yellow Jacket Social Club,78702,09/05/2017,9,5,85
California Pizza Kitchen,78746,04/09/2019,4,9,85
International House of Pancakes,78751,04/05/2019,4,5,92
7-Eleven #36562H,78744,04/10/2019,4,10,78
Family Dollar Store #23834,78704,06/19/2017,6,19,96
Serranos Cafe & Cantina,78748,04/12/2019,4,12,75
BC - Whole Foods Market - Coffee Bar,78738,01/02/2018,1,2,94
Barbarella,78701,01/05/2018,1,5,81
Taco Aranda,78748,08/18/2017,8,18,77
Vargas Food Store,78741,04/10/2018,4,10,85
Omni Barton Crk Resort /Spa-Lakeside Dining Rm,78669,10/07/2016,10,7,95
Larry's Giant Subs,78735,04/11/2019,4,11,83
China Kitchen,78723,04/11/2019,4,11,80
Southside Flying Pizza - Arcade and Grill,78748,04/25/2018,4,25,92
Meals On Wheels and More,78702,06/30/2017,6,30,97
Airport Quickstop,78722,09/05/2017,9,5,84
Manor Food Mart #1,78723,09/01/2016,9,1,77
Pizza Paradise,78758,05/15/2018,5,15,89
Pacific Star Oyster Bar,78729,05/09/2017,5,9,81
Wal-Mart Supercenter,78748,04/09/2019,4,9,97
COTA - Pizza Hut Main Grand Stand,78617,04/13/2019,4,13,100
Satellite Bistro & Bar,78749,04/10/2019,4,10,95
Harmony School of Innovation - Austin,78744,04/11/2019,4,11,99
Don's Short Stop,78660,07/05/2017,7,5,93
Paleface Grocery,78669,04/09/2019,4,9,82
Doubletree Club Hotel,78702,04/12/2019,4,12,94
COTA - Velocity,78617,04/13/2019,4,13,97
Dearing Elementary School,78660,08/15/2018,8,15,100
Oak Hill Coffee,78735,04/09/2019,4,9,100
Alpha Chi Omega,78705,11/08/2018,11,8,88
Craigo's Pizza and Pastaria,78735,04/11/2019,4,11,89
Blazer Tag,78745,06/23/2017,6,23,99
A+A Sichuan China,78750,03/22/2018,3,22,72
Bread Basket,78727,04/11/2019,4,11,91
Taco Bell #030157,78753,04/10/2019,4,10,94
Del Valle Elementary School,78617,04/11/2019,4,11,93
Brooklyn Pie,78756,04/10/2019,4,10,88
Laurel Mountain Elem School,78759,04/11/2019,4,11,100
El Meson,78744,10/11/2018,10,11,86
Craft Pride,78701,09/18/2018,9,18,100
Concrete Cowboy,78701,05/11/2017,5,11,85
Randall's #2490-Bakery,78759,05/10/2017,5,10,99
Italic,78701,08/02/2018,8,2,84
Walgreens #13444,78748,06/21/2017,6,21,100
Torchy's Tacos,78704,04/12/2019,4,12,87
SV - Zoes Kitchen,78745,04/09/2019,4,9,87
Pita Fusion,78750,01/15/2019,1,15,95
Omni Barton Creek,78735,04/10/2019,4,10,85
Asti Trattoria,78751,04/09/2019,4,9,78
BC - Rocco's Grill,78738,05/29/2018,5,29,88
Costco - Deli,78749,08/11/2016,8,11,97
"Treat Monger, The",78722,04/12/2019,4,12,100
Wagabag #19,78732,05/24/2017,5,24,97
Cici's Pizza,78753,01/11/2018,1,11,94
P. Terry's Burger Stand,78704,04/08/2019,4,8,94
Pizza Hut,78745,07/19/2017,7,19,91
Thai Kitchen,78705,04/11/2019,4,11,75
Mother's Cafe,78751,10/30/2018,10,30,86
COTA - Rev Bar 2 Main Grand Stand East,78617,04/13/2019,4,13,95
Berkman Food Mart,78723,06/05/2018,6,5,91
COTA - RS3 Turn 1,78617,04/13/2019,4,13,95
Cilantro's Mexican Restaurant,78745,03/21/2018,3,21,93
WL - Pinkberry #170,78746,07/26/2017,7,26,98
Short Stop #2,78759,01/22/2019,1,22,94
Macho's Taco's,78748,01/19/2017,1,19,93
LW - Verona Ristaurante Italiano,78734,04/09/2019,4,9,93
Bread Basket,78745,06/07/2018,6,7,99
"Oasis Mediterranean Cafe & Pizza, Inc",78728,04/11/2019,4,11,90
Del Valle Middle School,78617,04/09/2019,4,9,92
China Express,78741,03/07/2019,3,7,89
Salvation Army  (Austin Shelter),78721,01/31/2018,1,31,91
Mission Dogs,78702,04/10/2019,4,10,98
Diamond Food Mart,78723,03/23/2017,3,23,90
Pizza Hut,78745,12/01/2016,12,1,100
7-Eleven Convenience Store,78705,04/09/2019,4,9,88
BC - Snack Max # 6,78738,04/11/2019,4,11,70
Pho Thai Son,78749,05/24/2018,5,24,71
"Baker St. The Corners, LLC",78704,04/08/2019,4,8,90
KIPP Austin Brave,78725,04/12/2019,4,12,95
Changos,78705,11/21/2018,11,21,75
Anderson Mill Assisted Living,78750,12/21/2018,12,21,87
Bruegger's Bagels,78746,01/18/2019,1,18,90
J D's Conoco #2,78724,04/11/2019,4,11,84
Taco Bell #030157,78753,07/30/2018,7,30,100
Circle K Store #2704690,78753,11/20/2017,11,20,96
Salvation Army  (Austin Shelter),78721,10/01/2018,10,1,95
Salvation Army  (Austin Shelter),78721,04/23/2018,4,23,88
Baskin Robbins,78748,02/19/2019,2,19,92
McDonald's #14128,78753,09/15/2017,9,15,97
Kocurek Elementary,78748,10/11/2016,10,11,97
Circle K Store #2704690,78753,08/26/2016,8,26,88
Taco Bell #030157,78753,02/06/2017,2,6,96
"Fine Home Dining, Inc.",78704,02/15/2019,2,15,100
School in the Hills,78732,02/08/2019,2,8,100
Cover 2,78729,08/08/2018,8,8,80
7-Eleven,78741,10/12/2017,10,12,97
CU 29 Cocktail Bar,78701,12/21/2016,12,21,76
WL - Chipotle Mexican Grill #43,78746,04/19/2019,4,19,97
A Shady Deal,78653,04/19/2019,4,19,86
Big Top Candy Shop,78704,04/17/2019,4,17,98
7 Days Food Store,78745,07/20/2017,7,20,87
First Wok,78745,05/30/2018,5,30,83
"Soup Peddler, The",78751,04/17/2019,4,17,95
Caritas Of Austin,78701,11/01/2016,11,1,92
Rhino Room,78702,05/15/2018,5,15,95
"Mighty Fine Burgers, Fries and Shakes",78759,03/23/2018,3,23,100
Villa Pizza (Food Court),78746,04/19/2019,4,19,96
School House Pub,78722,04/19/2019,4,19,98
Tender Memories Learning Center,78745,12/13/2016,12,13,98
Barbarella,78701,02/02/2017,2,2,83
Westwood High School,78750,04/18/2019,4,18,95
Indian Roller,78748,04/15/2019,4,15,91
BC - Kwik Chek #55,78738,04/17/2019,4,17,94
Highland,78701,03/01/2017,3,1,94
Galaxy Cafe,78703,04/17/2019,4,17,86
Austin Daily Press,78702,04/19/2019,4,19,99
Esther's Follies,78701,12/20/2018,12,20,86
Bridgepoint Elem School,78746,05/02/2018,5,2,94
Congress Ave Grocery,78701,04/18/2019,4,18,99
EZ Way Food Store,78702,04/16/2019,4,16,95
Little Munchkins Learning Ctr,78758,03/31/2017,3,31,97
Salvation Army  (Austin Shelter),78721,08/02/2017,8,2,91
McDonald's #14128,78753,07/30/2018,7,30,94
Casa Linda Taqueria,78745,08/07/2018,8,7,100
Starbucks Coffee Company #19336,78748,07/18/2018,7,18,98
Premier High School American Youthworks,78744,04/18/2019,4,18,100
2222 Market,78756,06/28/2018,6,28,90
Happy Hearts Bilingual Learning Center,78745,03/08/2018,3,8,100
Starbucks Coffee Company,78613,10/20/2016,10,20,95
Abel's on the Lake,78703,04/15/2019,4,15,81
Haven Food Mart,78752,10/31/2018,10,31,96
Thundercloud Subs,78705,04/10/2018,4,10,95
Taco Bell #030090,78748,10/26/2017,10,26,96
Primrose School of Four Points,78730,05/15/2018,5,15,90
Hilton Austin -Banquet & Cafeteria,78701,08/15/2018,8,15,97
Lanier High School,78758,04/17/2019,4,17,94
P F Chang's China Bistro,78701,01/18/2019,1,18,86
Hana World Market - Deli,78727,01/04/2019,1,4,88
The Magellan International School,78757,04/16/2019,4,16,97
Gibson Bar,78704,04/18/2019,4,18,99
Club Mis Amigos,78617,04/19/2019,4,19,85
"Thai, How Are You? Thai Food & Sushi",78705,01/18/2017,1,18,85
Happy Faces Bilingual Child Care,78752,08/21/2017,8,21,99
Of Rigor LLC DBA The Madison/Roosevelt Room,78701,05/11/2017,5,11,78
Toulouse,78701,09/14/2018,9,14,89
Friendly Mart,78745,02/23/2018,2,23,99
LW - Thai Spice,78734,04/17/2019,4,17,87
Nervous Charlies,78751,04/15/2019,4,15,96
"Pizza Press, The",78705,03/14/2019,3,14,84
Wingstop #164,78741,11/07/2018,11,7,96
Jinya Ramen Bar,78758,07/13/2017,7,13,80
Lily's Sandwich,78753,04/15/2019,4,15,85
Mi -Tienda,78753,11/01/2017,11,1,73
Blazier Elementary,78744,04/15/2019,4,15,97
HEB Food Store #161,78723,03/07/2017,3,7,90
Jason's Deli,78751,04/15/2019,4,15,96
Corner Store #2102,78728,04/19/2019,4,19,100
Clarksville Market,78703,04/17/2019,4,17,90
Shanghai Noodle House,78750,04/18/2019,4,18,88
El Patio Restaurant,78705,10/31/2018,10,31,74
"WL - Tacodeli V, L.L.C.",78746,04/16/2019,4,16,97
Holiday Inn Express & Suites,78745,04/17/2019,4,17,91
Gus's Fried Chicken,78701,02/07/2018,2,7,97
Hay Elotes,78702,12/30/2016,12,30,92
Austin's Pizza,78749,03/08/2018,3,8,94
Dolce Neve,78704,09/16/2016,9,16,100
Burger King,78741,04/17/2019,4,17,95
Corner Bar,78704,04/18/2019,4,18,100
Accent Food Services,78723,04/25/2018,4,25,99
Alpha Xi Delta,78705,10/24/2016,10,24,96
West Cypress Hills Elementary School,78669,03/21/2018,3,21,100
Total Wine & More,78613,07/12/2018,7,12,98
Torchy's Tacos,78704,04/17/2019,4,17,89
Buenos Aires Cafe,78702,01/14/2019,1,14,89
"VV - AC VIP Marina, LLC",78641,07/21/2017,7,21,100
Baby Acapulco #1,78741,04/04/2018,4,4,90
The Village on Triangle Avenue,78751,04/18/2019,4,18,96
Last Straw,78702,06/27/2017,6,27,79
Diamond Food Mart,78723,04/16/2019,4,16,85
Sonic Drive In,78723,08/16/2016,8,16,94
Barrington Elementary,78753,04/17/2019,4,17,97
LW - Cho Sushi,78738,04/15/2019,4,15,75
COTA - Fairlanes Main Grand Stand,78617,10/20/2017,10,20,94
Mom's Grocery,78753,06/28/2018,6,28,99
In-N-Out Burger,78705,04/15/2019,4,15,99
Wells Branch Elementary,78728,04/18/2019,4,18,100
COTA- Commissary Grand Plaza,78617,04/21/2017,4,21,95
LW - Cafe Castro Nova,78734,04/17/2019,4,17,78
Rogue Running,78703,09/19/2018,9,19,94
Domino's Pizza,78748,02/26/2019,2,26,91
Wayside Schools,78747,04/15/2019,4,15,97
Parkfield One Stop Food Mart,78758,03/28/2017,3,28,90
Texican Cafe,78748,03/28/2018,3,28,86
Papa John's Pizza # 1015,78741,04/17/2019,4,17,96
Andiamo Italiano,78758,06/27/2017,6,27,91
Wag-A-Bag,78729,11/07/2017,11,7,94
Stepping Stone School,78750,10/30/2018,10,30,99
Fresh Plus,78703,04/16/2019,4,16,97
Javelina,78701,09/18/2018,9,18,92
Winebelly,78704,07/26/2017,7,26,93
Langford Elementary,78744,12/05/2018,12,5,99
Mi Madres,78722,12/02/2016,12,2,88
"VV - AC VIP Marina, LLC",78641,10/28/2016,10,28,100
JuiceLand,78750,01/10/2019,1,10,97
Courtyard Hotel,78750,04/16/2019,4,16,78
"Children's Courtyard, The",78759,11/07/2016,11,7,92
Stop-N-Express,78723,04/16/2019,4,16,90
Speedy Stop Store #219,78723,04/27/2017,4,27,87
Starstop 38,78749,10/03/2017,10,3,93
LW - Torchy's Tacos,78734,04/16/2019,4,16,99
Casa Maria,78745,07/27/2018,7,27,91
Kome Sushi Kitchen,78751,04/17/2019,4,17,88
Brick House Tavern + Tap,78759,08/27/2018,8,27,81
Parkfield One Stop Food Mart,78758,01/23/2018,1,23,91
Campbell Elementary,78722,04/18/2019,4,18,95
Lamar Middle School,78757,04/17/2019,4,17,93
"Giggles Learning Center, LLC",78660,01/11/2018,1,11,100
Athena Montessori Academy,78704,07/12/2018,7,12,97
Austex Shell,78750,04/26/2018,4,26,96
Highland Park Elementary,78731,04/16/2019,4,16,93
Hotel Ella,78705,03/19/2018,3,19,93
Bee Tree Farm & Dairy,78653,04/17/2019,4,17,97
Lee Elementary School,78705,12/04/2017,12,4,99
Child Development Center,78756,06/29/2017,6,29,97
7 Eleven # 36267A,78748,04/16/2019,4,16,89
Staybridge Austin NW,78729,09/20/2018,9,20,90
Longhorn Pizza and Grill,78705,04/17/2019,4,17,64
Dirty Bill's,78701,10/17/2017,10,17,88
Catering by Rosemary,78702,04/17/2019,4,17,95
"KIPP Austin Public Schools, Inc",78754,04/17/2019,4,17,96
Wingzup,78751,01/25/2019,1,25,89
Salvation Army  (Austin Shelter),78721,01/09/2017,1,9,93
Cenote,78702,04/15/2019,4,15,85
House Wine,78704,06/01/2017,6,1,92
McDonald's #14128,78753,04/10/2019,4,10,95
Child Inc.-American YouthWorks,78744,04/18/2019,4,18,99
Canyon Creek,78726,04/16/2019,4,16,92
7-Eleven Convenience Store #35808H,78702,02/28/2019,2,28,89
"A Taste of Chocolate, LLC",78745,06/16/2017,6,16,100
Mama Fu's Southpark,78748,04/07/2017,4,7,93
Salvation Army  (Austin Shelter),78721,03/15/2019,3,15,97
One Stop,78728,04/19/2019,4,19,97
Comfort Suites,78660,08/02/2017,8,2,90
McDonald's #14128,78753,01/06/2017,1,6,93
"Best Western Plus, Austin Airport",78741,12/13/2018,12,13,98
Cru Wine Bar,78701,10/03/2018,10,3,87
Caffe Medici,78703,04/16/2019,4,16,92
La Quinta Inn #0186,78744,04/16/2019,4,16,90
Houston Elementary,78744,04/18/2019,4,18,99
COTA- Commissary Grand Plaza,78617,10/19/2018,10,19,95
Thundercloud Subs,78750,03/21/2018,3,21,94
Craigwood Food Mart,78725,04/16/2019,4,16,86
Still Austin Distillery,78745,07/05/2018,7,5,96
HEB Food Store #659,78613,09/21/2018,9,21,100
Varsity Pizza,78705,04/15/2019,4,15,90
7-Eleven Convenience Store #36587A,78744,01/23/2018,1,23,87
"HEB Food Store #639 - Deli, Bakery, Produce, Cafe",78723,11/30/2017,11,30,92
Acai Hut,78723,04/19/2019,4,19,100
Dollar Tree #3279,78756,04/17/2019,4,17,98
Midtown Grocery & Cafe,78752,06/27/2018,6,27,85
Shop N Save,78741,05/07/2018,5,7,85
Golden Chick,78745,04/25/2017,4,25,90
Great Harvest Bread Company,78746,12/17/2018,12,17,92
Wendy's 101 - 1671,78753,04/17/2019,4,17,85
Reales Pizza & Cafe,78750,04/24/2017,4,24,85
Amy's Ice Cream,78703,06/30/2017,6,30,93
"Magellan International School, The",78731,04/16/2019,4,16,100
Dollar Tree Store #2988,78745,09/24/2018,9,24,97
Avenue B Grocery,78751,04/15/2019,4,15,96
Trudy's South Star,78745,04/17/2019,4,17,86
Duval Market,78751,06/27/2018,6,27,92
Empire Control Room & Garage,78701,11/02/2017,11,2,95
WL- Blenders and Bowls,78746,04/18/2019,4,18,88
Starbucks Coffee #6386,78745,03/06/2017,3,6,98
Sushic,78735,01/04/2017,1,4,100
Cap Metro Child Care Ctr,78702,04/14/2017,4,14,97
Bao'd Up,78723,04/19/2019,4,19,91
Hudson Bend Middle School,78734,04/16/2019,4,16,100
DJ's Food & Gas Stop,78702,12/17/2018,12,17,94
Santos Taqueria,78751,01/11/2019,1,11,85
Fresh Plus - Deli,78703,04/16/2019,4,16,88
Clark's Oyster Bar,78703,10/02/2018,10,2,91
Arbor Cinema @ Great Hills,78759,09/19/2016,9,19,99
Royal Blue Grocery,78701,04/18/2019,4,18,100
"Coliseum, The - El Coliseo",78719,02/01/2018,2,1,86
Powerstop,78748,11/29/2016,11,29,100
Martin Jr High,78702,04/16/2019,4,16,98
Mister Tramps,78758,01/23/2018,1,23,72
Corner Store #2069,78753,07/20/2017,7,20,93
Barton Springs East/Ruta Maya,78719,01/23/2019,1,23,97
"Coliseum, The - El Coliseo",78719,04/18/2019,4,18,85
MN - Chokdee Restaurant,78653,03/26/2018,3,26,98
Las Delicias Meat Market-Bakery,78745,05/31/2018,5,31,95
Country Inn & Suites,78728,04/19/2019,4,19,85
BC - Hill Country Food Mart,78738,11/27/2017,11,27,73
LW - AFC Sushi @ Randalls #1779,78734,04/17/2019,4,17,100
7-Eleven Convenience Store #36273A,78731,06/22/2018,6,22,85
Tokyo Gardens Catering,78741,04/15/2019,4,15,100
El Meson,78744,09/11/2017,9,11,80
Circle K Store #2704680,78746,01/11/2019,1,11,91
Austin Java,78744,04/18/2019,4,18,76
Shepherd's Market,78704,08/25/2017,8,25,94
U PAK M,78748,04/16/2019,4,16,90
Westin Austin Downtown,78701,09/21/2017,9,21,87
McDonald's #14128,78753,02/23/2018,2,23,86
Hayley Cakes & Cookies,78704,12/20/2018,12,20,93
"LW - League,The",78734,04/16/2019,4,16,91
Home 2 Suites Austin North,78758,05/05/2017,5,5,96
Quick Stop Grocery,78702,04/17/2019,4,17,100
Capital One Cafe,78758,04/15/2019,4,15,88
Circle K Store #2704690,78753,11/07/2018,11,7,92
Star Stop 72,78744,04/16/2019,4,16,91
Renaissance Austin Hotel,78759,04/16/2018,4,16,82
Shoal Creek Saloon,78703,07/19/2017,7,19,96
Upper Crust Bakery,78756,04/18/2019,4,18,92
DoubleDave's Pizzaworks,78749,06/29/2017,6,29,89
Empire Control Room & Garage,78701,10/27/2016,10,27,93
Waterloo Ice House,78748,04/15/2019,4,15,81
Taqueria Arandas #5,78704,09/21/2017,9,21,86
Tokyo Gardens Catering,78723,04/30/2018,4,30,98
Barracuda Club,78701,10/27/2016,10,27,89
Berkman Food Mart,78723,01/24/2018,1,24,90
Wells Branch Elementary,78728,04/30/2018,4,30,96
St Francis School,78752,04/18/2019,4,18,91
Phil's Ice House,78729,01/16/2019,1,16,85
Star Market,78747,04/17/2019,4,17,84
Casey Elementary,78748,04/18/2019,4,18,94
Mary's Cafe,78705,05/15/2017,5,15,88
Tangent Cafe & Catering,78730,04/19/2019,4,19,95
McDonald's #7877,78735,01/30/2017,1,30,84
HEB - Meat & Seafood - Slaughter,78749,01/23/2017,1,23,97
La Hacienda Mkt #6,78744,04/17/2019,4,17,86
Bert's BBQ,78731,11/21/2016,11,21,89
Starbuck's Coffee #10618,78748,04/16/2019,4,16,94
Bill Miller's Bar-B-Q,78748,04/16/2019,4,16,81
Marbridge Foundation-Villa,78652,04/18/2019,4,18,97
La Quinta Inn & Suites # 937,78759,11/02/2018,11,2,95
Lone Star Kolaches,78746,10/31/2016,10,31,91
Bombshells,78660,04/17/2019,4,17,72
Taco Shack,78705,05/22/2018,5,22,85
Marbridge Foundation-Winters,78652,04/18/2019,4,18,91
BC - Sonesta Bee Cave,78738,04/17/2019,4,17,95
Niki's Pizza,78753,02/15/2019,2,15,93
Circle K Store #2704690,78753,05/11/2018,5,11,97
Casa Chapala Mexican Grill,78758,04/05/2018,4,5,70
Stepping Stone School,78750,11/29/2017,11,29,100
Marbridge Found-Senior Dorm,78652,04/18/2019,4,18,93
Tiniest Bar in Texas,78703,04/18/2019,4,18,97
Austinuts,78653,04/16/2019,4,16,100
Rob Roy Chevron,78746,04/17/2019,4,17,85
Cedar Food Mart,78744,08/29/2018,8,29,81
Golden Corral #988,78745,04/18/2019,4,18,71
Flightpath Coffeehouse,78751,06/20/2018,6,20,93
Max's Wine Dive,78701,05/16/2017,5,16,72
Austinuts,78653,04/30/2018,4,30,95
Las Lomas Mexican Restaurant,78745,04/17/2019,4,17,79
Rudy's Country Store and BBQ,78726,04/19/2019,4,19,95
"LW - Cigar Room, The",78734,04/17/2019,4,17,84
Firehouse Lounge,78701,03/13/2018,3,13,90
Tokyo Gardens Catering,78744,04/19/2019,4,19,100
Mozart's Coffee Roasters,78703,04/15/2019,4,15,87
Barrett's Coffee,78752,01/11/2018,1,11,85
Texas Food Mart,78744,07/14/2017,7,14,84
Coyote Ugly Saloon,78701,09/26/2018,9,26,86
West Ridge Middle School,78733,04/23/2019,4,23,99
Wild Bubba's Wild Game Grill,78617,12/01/2017,12,1,96
P F Chang's China Bistro,78759,10/03/2016,10,3,90
Amaya's Taco Village,78751,04/24/2019,4,24,83
Phoenician Resto Cafe,78701,04/24/2019,4,24,87
Salvation Pizza/Durham Trading Partners X,78701,09/12/2016,9,12,75
Gallons to Go,78752,04/22/2019,4,22,95
Cuvee Coffee,78702,01/31/2018,1,31,97
Barfly's,78751,12/11/2018,12,11,92
Vic's Bar-B-Que,78741,05/16/2018,5,16,98
Walnut Market #1,78754,02/07/2018,2,7,89
Joslin Elementary,78745,12/07/2018,12,7,96
"Convenient  Store, The",78759,04/17/2017,4,17,96
Target #1953 (Grocery),78726,04/27/2019,4,27,98
Sams Stonelake,78759,10/19/2017,10,19,82
Max's Wine Dive,78701,11/17/2016,11,17,85
Little Folks Bilingual CDC,78723,04/23/2019,4,23,97
Taqueria Arandinas,78745,01/14/2019,1,14,86
"Julio's Restaurant, Inc.",78751,04/25/2019,4,25,83
Tous Les Jours,78752,11/30/2018,11,30,85
Hill Country Counseling Center,78758,03/29/2017,3,29,92
Cheko's Mexican Restaurant & Bar,78756,04/26/2019,4,26,89
Zax Restaurant and Bar,78704,04/22/2019,4,22,94
Green Mesquite - South Park Meadows,78748,04/25/2019,4,25,81
Pease Elementary,78701,04/23/2019,4,23,99
Walnut Market #1,78754,08/31/2016,8,31,81
Juiceland,78702,04/22/2019,4,22,90
7-Eleven Convenience Store # 36563A,78759,11/29/2018,11,29,74
BC - Jersey Giant Pizza,78738,03/21/2018,3,21,100
Junior's King Daddy Ice,78641,01/31/2017,1,31,90
7-Eleven,78741,04/26/2019,4,26,89
"Snooze, an A.M. Eatery",78704,07/18/2017,7,18,95
Sam's Club #4720 (Deli & Bakery),78735,04/24/2019,4,24,99
Taqueria La Familia Mex Restaurant Inc,78749,05/01/2018,5,1,80
Don Juan Mexican Restaurant,78741,04/26/2019,4,26,67
Thom's Market,78704,04/22/2019,4,22,96
Target (Starbucks) T-1797,78717,04/25/2019,4,25,96
Pillow Elementary,78757,04/26/2019,4,26,96
Reagan High School,78752,01/31/2018,1,31,93
7-Eleven #12702,78741,02/16/2017,2,16,81
Poke - Poke,78756,04/24/2019,4,24,93
"Volstead Lounge, The",78702,11/02/2017,11,2,87
LW - Hampton Inn and Suites,78734,04/24/2019,4,24,98
Brentwood Social House,78756,11/16/2018,11,16,96
Thundercloud Subs,78704,04/22/2019,4,22,87
Mikado Ryotei,78758,01/17/2017,1,17,75
Children's Center of Austin,78750,03/09/2019,3,9,96
BC - Hill Country Food Mart,78738,01/17/2019,1,17,73
Kung Fu Buffet,78660,10/17/2016,10,17,82
Cedars International High School,78752,04/22/2019,4,22,97
Fresh Plus,78751,02/02/2017,2,2,84
Pappasito's Restaurant,78752,04/25/2019,4,25,96
Wu Chow,78701,10/03/2016,10,3,86
RW -  Arise Austin Medical Center,78746,10/08/2018,10,8,100
Target T-1953 (Starbucks),78726,04/26/2019,4,26,95
413 Bar,78701,09/15/2016,9,15,87
KIPP Austin Public Schools,78744,04/24/2019,4,24,95
Austin's Moontower Saloon,78748,04/22/2019,4,22,97
Mikado Ryotei,78758,12/16/2016,12,16,50
Austins Pizza,78733,04/24/2019,4,24,97
"Mighty Fine Burgers, Fries and Shakes",78759,04/22/2019,4,22,89
Premier High School,78745,04/19/2018,4,19,96
Thundercloud Subs,78750,09/29/2016,9,29,92
LIN,78703,04/22/2019,4,22,88
Pho Dan,78753,08/22/2017,8,22,72
"Austin Scoops, LLC",78749,09/13/2017,9,13,94
Arpeggio Grill,78752,10/24/2018,10,24,84
Taqueria Los Jaliscienses,78745,04/26/2019,4,26,84
Smoothie King,78705,04/25/2019,4,25,97
Kathy Caraway Elementary School,78759,04/23/2019,4,23,94
Starbucks Coffee #6284,78705,04/25/2019,4,25,98
Four Seasons Hotel Austin,78701,10/11/2016,10,11,77
Texican Cafe,78748,04/22/2019,4,22,91
Pizza Hut,78727,04/23/2019,4,23,94
Mugshots,78701,03/29/2018,3,29,95
Longhorn Village - Assisted Living,78732,08/28/2018,8,28,100
South Austin Senior,78704,08/11/2017,8,11,98
Waterloo Ice House,78748,12/21/2016,12,21,91
Buckshot,78701,03/30/2017,3,30,91
Figure 8 Coffee Purveyors,78702,01/23/2019,1,23,99
Bread Basket,78748,06/14/2017,6,14,89
Phoebes Diner,78704,04/25/2019,4,25,91
BC - Whole Foods Market - Prepared Foods,78738,01/16/2019,1,16,100
Subway # 7225,78749,04/25/2019,4,25,90
Whataburger #809,78748,06/29/2017,6,29,96
Hill Country Counseling Center,78758,08/22/2016,8,22,99
Dragonbeard Kitchen,78754,01/23/2019,1,23,95
Hill Country Counseling Center,78758,05/22/2018,5,22,97
WL - Izumi Sushi,78746,04/26/2019,4,26,83
Sam's Club #6188 - Meat Market,78717,04/25/2019,4,25,100
Barnison Catering,78703,12/12/2016,12,12,96
Walnut Market #1,78754,06/27/2017,6,27,77
MN - Ramos Mexican Restaurant,78653,06/28/2017,6,28,84
Maui Wowi,78753,04/24/2019,4,24,85
Firehouse Subs,78758,11/01/2018,11,1,95
Sesame Hill,78735,05/25/2018,5,25,80
"Plucker's Linc, LLC",78752,04/25/2019,4,25,87
Blender's - ACC,78745,04/26/2019,4,26,94
RW - Panera Bread Bakery and Cafe,78746,04/25/2019,4,25,94
Child Inc.-Dove Springs,78744,04/22/2019,4,22,100
Kentucky Fried Chicken,78723,02/27/2019,2,27,77
Donut Kolache Express,78750,04/23/2019,4,23,91
Donn's Depot,78703,07/03/2017,7,3,89
Zeta Beta Tau,78705,04/24/2019,4,24,91
Walnut Market #1,78754,07/23/2018,7,23,89
Cafe Blue III LLC,78701,05/02/2017,5,2,76
G'Raj Mahal Cafe & Lounge,78701,04/24/2019,4,24,93
MOD Super Fast Pizza,78726,04/23/2019,4,23,90
Java Noodles,78741,04/22/2019,4,22,72
Sam's Club / Snack Bar #4720,78735,04/24/2019,4,24,97
Walnut Market #1,78754,04/22/2019,4,22,89
Hill Country Counseling Center,78758,01/16/2019,1,16,100
Target (Retail Store) T-1797,78717,04/25/2019,4,25,97
Signature #9,78701,06/30/2017,6,30,88
Texas Food Mart,78744,08/19/2016,8,19,85
Big Lots # 4387,78745,12/16/2016,12,16,100
Dirty Martin's Place,78705,03/19/2018,3,19,81
Dennis Cowan Elementary,78748,04/23/2019,4,23,91
Westlake High School,78746,04/24/2019,4,24,97
Hill Country Counseling Center,78758,10/18/2017,10,18,92
Tiff's Treats,78723,07/06/2017,7,6,95
Gullett Elementary,78757,04/24/2019,4,24,96
Mr. Sam's Food Mart,78752,08/09/2016,8,9,88
Phara's,78751,12/11/2018,12,11,89
William Elementary,78748,04/23/2019,4,23,94
LW - Thundercloud Subs,78734,04/24/2019,4,24,86
Thundercloud Subs,78748,01/04/2018,1,4,97
Las Delicias Meat Market-Bakery,78745,01/27/2017,1,27,98
Hudson Bend Middle School,78734,10/19/2016,10,19,100
Wagabag #19,78732,01/18/2018,1,18,95
Anti Social Ice Cream Co.,78732,12/05/2018,12,5,100
Habitat Hotel,78752,04/24/2019,4,24,89
C-Mart #7,78744,03/15/2017,3,15,85
Popham Elementary School(New),78617,04/24/2019,4,24,93
Barton Hills Market #1,78704,08/16/2017,8,16,84
Zachary Scott Theatre,78704,10/18/2018,10,18,100
Family Dollar Store #21782,78723,10/11/2016,10,11,91
Ravenscroft Market,78748,07/31/2018,7,31,100
Cru Wine Bar @ The Domain,78758,04/24/2019,4,24,84
Make It Sweet,78757,02/21/2017,2,21,95
Headliners,78701,04/12/2018,4,12,89
Bowie High School,78749,04/26/2019,4,26,93
WL - Starbucks Coffee #691,78746,10/03/2016,10,3,97
Langford Elementary,78744,04/23/2019,4,23,94
Austin Gourmet Popcorn,78750,09/14/2018,9,14,97
Royal Blue Grocery,78701,08/01/2018,8,1,94
Xian Sushi and Noodle,78723,01/26/2017,1,26,73
Potbelly Sandwich Works,78759,07/27/2017,7,27,97
Yellow Rose,78752,04/22/2019,4,22,86
Moms 8 Enterprises Inc.,78736,03/07/2019,3,7,92
23 Flavors & Snacks,78723,07/16/2018,7,16,97
Easy Tiger,78752,04/25/2019,4,25,89
Davis Elementary,78727,04/26/2019,4,26,99
Springhill Suites,78759,01/18/2018,1,18,100
Little Munchkins Learning Ctr,78758,02/13/2018,2,13,91
Sushi Box SC6188,78717,04/25/2019,4,25,99
Lick Ice Creams,78723,12/11/2017,12,11,100
Walgreens #3724,78748,02/15/2019,2,15,100
BC - Edible Arrangements #1705,78738,12/13/2018,12,13,100
Taco Zone,78748,03/15/2017,3,15,97
"Schlotzsky's Stores, LLC",78753,02/10/2017,2,10,94
Sawyer and Company,78702,11/22/2017,11,22,94
Bailey Middle School,78739,09/14/2018,9,14,99
Wingstop Restaurant,78745,05/24/2017,5,24,95
Sam's Club #6188 - Grocery,78717,04/25/2019,4,25,100
Vino Vino,78751,04/24/2019,4,24,92
Cuba512,78745,03/24/2017,3,24,93
Taco Cabana #199,78748,03/18/2019,3,18,86
Flores Mexican Restaurant,78749,08/20/2018,8,20,89
"Local Outpost Saloon, The",78729,04/25/2018,4,25,94
Musashino Sushi Dokoro,78705,03/05/2019,3,5,79
Sam's Club/Meat & Produce #4720,78735,04/24/2019,4,24,99
Lupe Tortilla Mexican Restaurant,78759,09/28/2017,9,28,86
Mikado Ryotei,78758,03/07/2018,3,7,80
Metz Recreation Center,78702,01/11/2018,1,11,100
Oak Hill Elementary School,78735,11/16/2017,11,16,96
Accent Food Services,78735,03/09/2017,3,9,100
Jamba Juice,78723,11/08/2017,11,8,94
Bungalow,78701,02/01/2018,2,1,90
Sake Mama,78701,08/17/2018,8,17,94
WL - Tokyo Gardens Sushi Bar,78746,04/26/2019,4,26,97
"PPD Development, LLC",78744,09/20/2017,9,20,98
JuiceLand,78704,02/08/2018,2,8,97
Alpha Epsilon Phi,78705,04/24/2019,4,24,91
"Side Bar, The",78701,03/02/2017,3,2,94
Daily Juice Cafe,78753,01/17/2018,1,17,92
Summit Elementary,78727,04/26/2019,4,26,97
Sam's Club #4720,78735,04/24/2019,4,24,92
CJC Snack Bar,78701,11/13/2017,11,13,99
Citizen Eatery,78756,04/26/2019,4,26,87
Changos,78705,01/24/2017,1,24,96
Sodexo at Farmers Insurance,78728,06/07/2017,6,7,95
Romano's Macaroni Grill,78759,09/19/2016,9,19,84
Pelons,78701,05/15/2017,5,15,75
Chili's,78753,04/22/2019,4,22,87
Ashley's Playhouse,78750,02/21/2019,2,21,93
Hudson Bend Grocery,78734,08/06/2018,8,6,94
Dolce Neve,78704,04/04/2017,4,4,91
"Kid Spa Austin, LLC.",78749,09/06/2018,9,6,91
Lee's Meat Market,78731,04/25/2017,4,25,100
Southside Flying Pizza - Arcade and Grill,78748,04/23/2019,4,23,82
Lima Criolla Peruvian Restaurant,78752,04/25/2019,4,25,89
Austin Ridge Bible Church,78733,04/23/2019,4,23,92
Catfish Parlour,78744,11/30/2016,11,30,90
Double Dave's Pizza,78750,07/24/2018,7,24,86
El Pollo Rico #6,78741,06/14/2018,6,14,91
Joe's Bakery,78702,08/24/2016,8,24,88
"Amy's Ice Creams, Inc",78729,01/16/2019,1,16,86
Taqueria Chapala # 5,78741,06/08/2017,6,8,78
Sam's Club #6188 - Deli,78717,04/25/2019,4,25,100
Ridgetop Elementary,78751,04/22/2019,4,22,100
Wholy Bagel,78749,04/25/2019,4,25,94
Gloria's Restaurant,78701,05/04/2018,5,4,83
Jimmy John's #2270,78749,11/09/2016,11,9,94
Menchie's Frozen Yogurt,78613,06/19/2018,6,19,96
Bowie H.S. Culinary Kitchen,78749,04/26/2019,4,26,91
Sam's Club #6188 - Snack Bar,78717,04/25/2019,4,25,94
Seventh Flag Coffee,78704,01/04/2017,1,4,99
Happy Faces Bilingual Child Care,78752,04/23/2019,4,23,97
IDEA Public Schools,78747,08/30/2017,8,30,98
LW - Grump's Saloon BBQ & Live Music,78734,04/25/2019,4,25,100
BC - Lake Hills Church,78738,04/23/2019,4,23,100
Dimassi's Mediterranean Buffet,78759,11/20/2017,11,20,74
Bikinis Sports Bar and Grill,78701,02/22/2017,2,22,80
Hotel Granduca,78746,04/25/2019,4,25,83
Midnight Cowboy,78701,12/21/2016,12,21,87
University Baptist Church,78705,03/14/2017,3,14,96
Fiesta Fuel Center #64-Convenience/Gas,78745,04/26/2019,4,26,94
McDonald's,78727,04/23/2019,4,23,89
The Melting Pot,78750,08/01/2018,8,1,93
Sam's Club #6188 - Bakery,78717,04/25/2019,4,25,100
Onnit Academy,78744,03/02/2018,3,2,94
Joy of Learning Center,78727,09/11/2018,9,11,99
Totopos Grill,78745,06/08/2017,6,8,90
Austin Cake Ball LLC,78756,04/23/2019,4,23,96
Wayside Schools,78744,04/22/2019,4,22,90
WL - Blue Dahlia Bistro,78746,04/26/2019,4,26,81
Waffle House #1683,78754,04/24/2019,4,24,82
Buckshot,78701,09/29/2016,9,29,87
Haymaker,78722,04/23/2019,4,23,90
Palm Elementary School,78744,04/22/2019,4,22,95
Marshall Ford Grocery,78732,04/23/2019,4,23,95
Mikado Ryotei,78758,07/18/2017,7,18,75
Schlotzsky's,78726,04/24/2019,4,24,98
BC - Chili's Grill & Bar,78738,04/25/2019,4,25,90
"SquareRut Kava Bar Lamar, LLC",78756,04/26/2019,4,26,91
Caritas Of Austin,78701,08/01/2018,8,1,93
Thistle Cafe,78701,02/19/2019,2,19,92
C-Mart #7,78744,09/19/2017,9,19,81
Mathews Elementary School,78703,04/22/2019,4,22,98
"Parmer Children's Montessori Academy,LLC",78727,07/18/2017,7,18,92
Accent Food Service,78758,12/31/2018,12,31,99
SV - Chipotle,78745,04/24/2019,4,24,97
Monkeynest Coffee,78756,04/23/2019,4,23,85
Bao'd Up,78723,02/07/2018,2,7,91
Austin Gourmet Popcorn,78750,09/14/2017,9,14,97
Kocurek Elementary,78748,04/25/2019,4,25,94
Baby Acapulco #2,78704,02/08/2018,2,8,84
Dive Bar,78701,09/26/2018,9,26,95
Bombay Bistro,78704,04/19/2018,4,19,81
Los Pepes Mexican Food,78723,02/06/2018,2,6,81
Osaka Mansun Restaurant,78750,11/20/2017,11,20,71
JuiceLand,78704,08/26/2018,8,26,88
JuiceLand,78704,02/14/2019,2,14,96
BC - Whole Foods Market - Retail,78738,06/27/2017,6,27,99
Sawyer and Company,78702,11/22/2016,11,22,90
BC - Rosie's Tamale House,78738,11/16/2018,11,16,91
Carmela's Pizzeria Cafe & Deli,78620,11/09/2016,11,9,95
Austin Gourmet Popcorn,78750,03/20/2018,3,20,98
Super Donut,78748,11/22/2016,11,22,99
Rutland Food Store,78758,06/02/2017,6,2,96
North Austin Medical Ctr.,78758,08/16/2018,8,16,88
Cloud 9 Cotton Candy,78751,08/02/2018,8,2,100
Taco Bell #030142,78745,04/28/2017,4,28,92
Parlor & Yard,78701,02/08/2018,2,8,95
Sushi BangBang Inc.,78717,05/11/2017,5,11,85
Anderson's Coffee Roasters,78731,01/11/2018,1,11,95
Jim-Jim's Water Ice,78701,09/20/2017,9,20,94
Kool Corner,78723,01/22/2018,1,22,94
La Tapatia #7,78757,10/02/2017,10,2,88
Target Store #96,78704,07/31/2017,7,31,93
"Darwood Commercial Kitchen, Inc",78758,01/31/2017,1,31,93
Wright Bros. Brew and Brew,78702,01/06/2017,1,6,93
Total Fitness and Nutrition,78750,02/08/2019,2,8,94
Starbucks # 6380,78749,09/07/2018,9,7,96
Cookbook Cafe,78701,01/22/2019,1,22,87
Chipotle Mexican Grill #501,78701,11/03/2016,11,3,99
Red River Cafe,78705,02/26/2018,2,26,95
Rosal Bakery,78744,03/14/2017,3,14,83
Lucky Food Store,78745,03/02/2017,3,2,82
Smoothies Paradise,78746,07/27/2017,7,27,93
Houston Elementary,78744,04/10/2017,4,10,99
Kinder Care #155,78745,01/18/2017,1,18,95
Seventh Flag Coffee,78704,08/30/2018,8,30,94
Taco Cabana #199,78748,01/23/2017,1,23,82
Starbucks Coffee Company,78613,11/02/2017,11,2,96
Seventh Flag Coffee,78704,07/17/2017,7,17,91
Sodexo at Farmers Insurance,78728,06/07/2018,6,7,99
HEB Grocery -Retail & Meat/Seafood Market,78723,11/30/2017,11,30,96
HEB Food Store #659,78613,05/01/2019,5,1,97
Walgreens #3724,78748,07/20/2017,7,20,100
Baby Acapulco #2,78704,07/18/2017,7,18,88
Slab,78757,09/01/2017,9,1,75
Provident Memory Care,78737,01/25/2018,1,25,96
Lai Lai,78717,05/01/2019,5,1,86
Walgreens #13444,78748,01/04/2018,1,4,99
Oak Hill Elementary School,78735,09/16/2016,9,16,99
SnoMo,78717,05/01/2019,5,1,100
Taco Cabana #199,78748,11/30/2017,11,30,86
Baby Acapulco #2,78704,11/28/2016,11,28,97
La Mexicana,78744,09/25/2018,9,25,72
Cafe 605 (Hotel Van Zandt),78701,05/14/2018,5,14,95
Taco Cabana #199,78748,07/11/2018,7,11,92
Sawyer and Company,78702,06/21/2018,6,21,89
Baby Acapulco #2,78704,09/06/2018,9,6,80
Del Valle ISD- Concession Stand #4 (Gym),78617,09/18/2018,9,18,99
Corner Store #2141,78758,10/04/2016,10,4,92
The Melting Pot,78750,09/08/2016,9,8,90
Headliners,78701,03/07/2017,3,7,66
Bread Basket,78748,06/04/2018,6,4,93
Emerald Tavern Games and Cafe,78757,08/24/2017,8,24,95
Smokey J's Barbeque #1,78732,05/01/2019,5,1,88
JuiceLand,78704,08/10/2017,8,10,92
The Melting Pot,78750,06/06/2017,6,6,89
Austin Gourmet Popcorn,78750,09/07/2016,9,7,98
Ashley's Playhouse,78750,10/27/2016,10,27,94
Slab,78757,03/14/2018,3,14,90
Violet Crown Cinema,78701,10/10/2017,10,10,90
Corner Store #2420,78745,12/05/2017,12,5,92
Emerald Tavern Games and Cafe,78757,08/19/2016,8,19,98
Mix,78717,05/01/2019,5,1,93
JuiceLand,78704,02/24/2017,2,24,87
Austin Gourmet Popcorn,78750,03/17/2017,3,17,98
The Melting Pot,78750,01/24/2018,1,24,93
Seventh Flag Coffee,78704,02/28/2019,2,28,100
Chipotle Mexican Grill #973,78723,08/24/2017,8,24,95
Tokyo Garden Catering,78613,05/01/2019,5,1,97
Norris Conference Centers,78757,12/05/2017,12,5,85
Emerald Tavern Games and Cafe,78757,09/21/2018,9,21,93
Double Dave's Pizza,78750,07/21/2017,7,21,89
Little Country Diner,78669,02/21/2018,2,21,97
HEB Food Store #161,78723,03/14/2018,3,14,97
Child Development Center,78756,03/01/2019,3,1,91
Thundercloud Subs,78741,08/07/2018,8,7,97
7-Eleven Convenience Store #36273A,78731,11/29/2017,11,29,84
Sawyer and Company,78702,05/10/2017,5,10,81
Costco #681 Food Court & Deli,78759,02/14/2019,2,14,91
Double Dave's Pizza,78750,12/20/2016,12,20,85
Ashley's Playhouse,78750,06/16/2017,6,16,100
Cornucopia Popcorn,78729,03/23/2018,3,23,95
King Food Mart,78704,06/21/2018,6,21,91
Casa Colombia,78702,04/07/2017,4,7,90
Emerald Tavern Games and Cafe,78757,02/16/2018,2,16,97
Ashley's Playhouse,78750,12/14/2017,12,14,100
Omni Barton Crk Resort /Spa-Lakeside Dining Rm,78669,12/12/2017,12,12,99
Ashley's Playhouse,78750,06/12/2018,6,12,100
Seventh Flag Coffee,78704,02/06/2018,2,6,98
Walgreens #3724,78748,02/01/2018,2,1,96
HEB Food Store #218,78758,09/05/2017,9,5,91
Accent Food Services,78759,02/08/2018,2,8,99
COTA - Pizza Hut Main Grand Stand,78617,10/19/2018,10,19,100
Walgreens #3724,78748,01/05/2017,1,5,100
Accent Food Services,78759,08/15/2018,8,15,99
Dobie Market,78705,03/08/2019,3,8,94
Austin Miracle League,78729,11/16/2016,11,16,100
Walgreens #3724,78748,07/18/2018,7,18,100
Baby Acapulco #2,78704,03/04/2019,3,4,85
Westgate Lane (Bar),78745,12/16/2016,12,16,98
Double Dave's Pizza,78750,01/22/2018,1,22,90
Dollar General #12304,78754,04/29/2019,4,29,94
Slab,78757,04/03/2019,4,3,86
Slab,78757,08/26/2016,8,26,89
St. Louis School,78757,09/26/2018,9,26,84
Austin's Pizza # 40,78705,09/18/2017,9,18,93
Emerald Tavern Games and Cafe,78757,03/09/2017,3,9,92
Deep Eddy Food Plaza,78703,10/31/2016,10,31,90
Orange Leaf Frozen Yogurt,78717,02/27/2018,2,27,96
Target Store #96,78704,02/05/2018,2,5,93
Dollar Tree #6785,78723,03/05/2018,3,5,95
Slab,78757,03/21/2017,3,21,85
Shipley Donuts,78757,08/08/2017,8,8,86
Ranger Cattle,78724,03/18/2019,3,18,96
Ranger Cattle,78724,04/24/2018,4,24,98
Taco Cabana #128,78727,06/26/2018,6,26,82
Taco Cabana #128,78727,01/04/2017,1,4,78
Papa Murphy's Pizza,78750,06/30/2017,6,30,98
Opal Divines Marina,78727,11/21/2016,11,21,84
Fry's Electronics #22,78727,02/13/2017,2,13,95
Eastside Tavern,78702,07/17/2018,7,17,84
Taco Cabana #128,78727,02/14/2019,2,14,80
BC - All Star Burger,78738,08/29/2017,8,29,88
"MN-Depot Lounge, The",78653,09/29/2016,9,29,92
"Magellan International School, The",78731,10/03/2017,10,3,92
LW - Serene Hills Elementary,78738,10/29/2018,10,29,100
Austin Ale House,78701,12/27/2016,12,27,90
Jimmy John's #832,78746,09/29/2016,9,29,94
Fry's Electronics #22,78727,08/02/2017,8,2,100
Opal Divines Marina,78727,11/14/2017,11,14,92
Fry's Electronics #22,78727,08/14/2018,8,14,95
Taco Cabana #128,78727,06/19/2017,6,19,87
Gloria's Restaurant #11,78758,05/24/2017,5,24,87
Opal Divines Marina,78727,12/10/2018,12,10,84
Starbuck's Coffee#6203,78759,01/03/2017,1,3,99
Fry's Electronics #22,78727,01/23/2018,1,23,99
Fry's Electronics #22,78727,08/26/2016,8,26,90
La Gran Colombia Cafe,78732,01/18/2019,1,18,97
Dollar General Store #3913,78745,04/26/2018,4,26,92
Taco Cabana #128,78727,12/12/2017,12,12,92
Justine's,78702,10/03/2016,10,3,78
Tiffany's Treats,78701,10/14/2016,10,14,92
"HEB Store # 659 - Deli,Bakery & Produce",78613,05/01/2019,5,1,90
Daily Juice Cafe,78731,05/25/2017,5,25,96
Opal Divines Marina,78727,05/17/2017,5,17,89
Subway #43067,78758,12/15/2016,12,15,97
Twice the Ice,78745,06/06/2018,6,6,100
Los Pinos,78734,10/19/2016,10,19,85
Vandegrift High School,78750,10/18/2018,10,18,98
H & H Ballroom,78744,04/19/2018,4,19,94
Dominos Pizza,78705,10/26/2017,10,26,92
Accent Food Services,78759,02/24/2017,2,24,99
El Pollo Rico #6,78741,03/11/2019,3,11,94
Angie's Mexican Restaurant,78702,03/15/2019,3,15,86
Wendy's #W128,78749,02/07/2017,2,7,88
Austin Land and Cattle Co.,78703,07/31/2017,7,31,83
"8464 Holdings, LLC",78701,12/18/2018,12,18,97
Mobil Food Mart #2,78701,11/05/2018,11,5,90
La Hacienda Market,78758,07/25/2017,7,25,82
"500 W. 6th LLC - Sophias""""",78701,02/28/2019,2,28,87
Dart Bowl Steak House,78756,08/25/2016,8,25,82
Half Step,78701,02/16/2017,2,16,89
Nightcap,78703,07/13/2017,7,13,94
Del Valle ISD- Concession Stand #4 (Gym),78617,11/08/2016,11,8,95
Accent Food Services,78759,08/15/2017,8,15,99
Opa,78704,09/20/2018,9,20,90
Costco - Deli,78749,08/14/2017,8,14,100
Corner Store #2420,78745,12/08/2016,12,8,99
Taqueria Arandas #5,78704,04/05/2017,4,5,88
Fresh Heim,78750,10/05/2017,10,5,79
Centro de Bienestar,78757,02/04/2019,2,4,94
Luby's,78759,11/04/2016,11,4,95
Pekitas,78757,06/29/2017,6,29,94
El Rancho Supermarker #1(Grocery&Produce),78757,09/24/2018,9,24,95
Lone Star Family Market,78757,04/13/2018,4,13,92
Centro de Bienestar,78757,02/20/2018,2,20,99
CiCi's Pizza,78745,07/20/2017,7,20,90
Caffe Macs Riata Vista 2,78727,07/11/2017,7,11,100
Accent Food Services,78735,06/28/2018,6,28,100
Arby's Roast Beef  #07529,78757,08/23/2016,8,23,97
Lone Star Family Market,78757,03/16/2017,3,16,95
Accent Food Services,78735,05/22/2018,5,22,99
El Pollo Rico # 12,78757,03/15/2017,3,15,86
Fire Bowl Cafe,78613,04/06/2018,4,6,93
Subway,78735,10/06/2017,10,6,88
Southwest Parkway Market,78735,11/13/2017,11,13,86
Italic,78701,01/17/2019,1,17,87
Pekitas,78757,05/23/2018,5,23,85
Arby's Roast Beef  #07529,78757,03/17/2017,3,17,91
Mai Thai,78701,02/13/2018,2,13,84
Milano Cafe,78735,08/16/2018,8,16,95
El Rancho Supermarket #1 (Bakery),78757,09/24/2018,9,24,96
Stubb's,78701,02/27/2019,2,27,89
Tokyo Gardens Catering,78723,11/20/2017,11,20,96
Little Caesars Pizza,78750,11/21/2018,11,21,82
Cafe Creme,78741,08/03/2017,8,3,93
El Pollo Rico # 12,78757,10/29/2018,10,29,83
Family Dollar Store #6011,78757,09/07/2018,9,7,99
Poke House,78759,09/19/2018,9,19,91
Chuy Panaderia,78757,03/16/2017,3,16,70
MN-Little Beijing,78653,09/26/2017,9,26,97
Lone Star Family Market,78757,11/15/2017,11,15,99
Southwest Parkway Market,78735,09/19/2016,9,19,87
Family Dollar Store #6011,78757,03/14/2018,3,14,100
Pekitas,78757,12/14/2017,12,14,90
Subway,78735,08/16/2018,8,16,92
BC - Kwik Chek #55,78738,09/11/2018,9,11,94
Family Dollar Store #6011,78757,03/11/2019,3,11,91
Freebirds,78753,09/14/2017,9,14,86
Alpha Epsilon Phi,78705,05/05/2017,5,5,98
Lone Star Family Market,78757,03/28/2019,3,28,100
Southwest Parkway Market,78735,08/16/2018,8,16,93
Onnit Academy,78744,09/15/2017,9,15,92
BC - Kwik Chek #55,78738,03/23/2018,3,23,96
Chuy Panaderia,78757,08/10/2016,8,10,79
Hacienda Jalisco,78757,02/25/2019,2,25,71
Rosedale Elementary,78756,09/15/2017,9,15,99
Cook Elementary School,78758,03/07/2018,3,7,100
Subway,78735,11/01/2016,11,1,90
C-Hunt's Ice House,78758,03/02/2018,3,2,100
Lone Star Family Market,78757,09/15/2016,9,15,94
McDonald's,78729,08/09/2017,8,9,89
Family Dollar Store #6011,78757,10/18/2017,10,18,98
El Chilito Tacos y Cafe,78702,06/11/2018,6,11,81
Dollar General Store #12967,78723,02/02/2017,2,2,96
Primizie Catering,78735,08/10/2016,8,10,95
Hi Hat Public House,78702,12/15/2017,12,15,95
"Oddwood Ales, LLC",78723,07/26/2018,7,26,92
Hilton Garden Inn Austin Downtown,78701,02/05/2018,2,5,91
Lone Star Family Market,78757,09/25/2018,9,25,98
Subway,78735,02/08/2019,2,8,89
El Rancho Supermarker #1(Grocery&Produce),78757,04/01/2019,4,1,97
Primizie Catering,78735,11/14/2017,11,14,96
Cross Creek Hospital,78754,07/16/2018,7,16,94
Roland Soul Food & Fish Or Us,78702,06/06/2018,6,6,85
BC - Emerald Restaurant,78738,05/25/2018,5,25,70
Houndstooth Coffee,78756,01/24/2018,1,24,96
Milano Cafe,78735,02/15/2018,2,15,92
Southwest Parkway Market,78735,02/14/2019,2,14,90
P. Terry's Burger Stand,78758,03/21/2018,3,21,91
Pekitas,78757,01/05/2017,1,5,78
Chick-Fil-A,78704,06/21/2017,6,21,99
Blacks Barbecue,78705,04/16/2018,4,16,90
"El Rancho Supermarket #1 (Seafood, Creamria & Meat)",78757,04/01/2019,4,1,92
Manor Food Mart #1,78723,03/16/2017,3,16,71
Southwest Parkway Market,78735,02/15/2018,2,15,92
Centro de Bienestar,78757,04/04/2017,4,4,93
Arpeggio Grill,78752,03/31/2017,3,31,88
El Pollo Rico # 12,78757,02/28/2018,2,28,88
Total Wine & More,78613,08/26/2016,8,26,98
El Pollo Rico # 12,78757,08/22/2017,8,22,82
Centro de Bienestar,78757,08/22/2017,8,22,94
El Rancho Supermarket #1 (Bakery),78757,04/01/2019,4,1,91
Rosedale Elementary,78756,03/28/2018,3,28,90
Rosedale Elementary,78756,09/14/2016,9,14,94
El Rancho Supermarket #1 (Taqueria),78757,09/24/2018,9,24,92
Signature #2,78704,01/24/2017,1,24,90
Raising Canes Restaurants LLC.,78741,03/08/2019,3,8,97
Egg Roll Express,78729,11/07/2017,11,7,72
Lone Star Family Market,78757,08/09/2017,8,9,94
RW - The Finishline Carwash,78746,04/05/2018,4,5,94
El Rancho Supermarket #1 (Taqueria),78757,04/01/2019,4,1,95
Chutney Indian Vegetarian,78758,01/25/2019,1,25,74
Primizie Catering,78735,06/26/2018,6,26,89
Bread Basket,78702,08/14/2018,8,14,93
Oasis Cantina,78732,12/20/2017,12,20,93
Arby's Roast Beef  #07529,78757,02/22/2018,2,22,97
"CB's"" at Stubb's Bar-B-Q""",78701,04/07/2017,4,7,100
Southwest Parkway Market,78735,03/08/2017,3,8,92
Milano Cafe,78735,06/28/2017,6,28,81
Accent Food Services,78752,10/25/2017,10,25,94
Hacienda Jalisco,78757,05/29/2018,5,29,74
Milano Cafe,78735,11/30/2016,11,30,97
Brooklyn Pie Co.,78729,02/22/2019,2,22,98
Subway,78735,03/15/2017,3,15,87
Thundercloud Subs,78758,02/01/2017,2,1,95
Apostolic Praise Center,78757,05/26/2017,5,26,98
TKO Nutrition and Smoothies,78758,12/06/2017,12,6,100
Barbara Jordan Elem School,78724,10/27/2017,10,27,97
Brooklyn Pie Co.,78748,11/03/2016,11,3,99